Id	Name	Describe	Icon	IsSpecial	SearchGuildBgIcon	GuildMessageBgIcon	GuildRankBgIcon	NewGuildRoomBg	OldGuildRoomBg	GuildHeadPortraitBg	CreateGuildBg	ConditionId	Cost
1	F.O.S. College	Use the emblem of [F.O.S. Military Command College] as the portrait of the United Command Bureau	Assets/Product/Texture/Image/UiGuild/UiGuildFace1.png	1	Assets/Product/Texture/Image/UiGuild/UiGuildFaceBg01.png	Assets/Product/Texture/Image/UiGuild/UiGuildFaceBg01.png	Assets/Product/Texture/Image/UiGuild/UiGuildFaceBg01.png	Assets/Product/Texture/Image/UiGuild/UiGuildFaceBg01.png	Assets/Product/Texture/Image/UiGuild/UiGuildFaceBg01.png	Assets/Product/Texture/Image/UiGuild/UiGuildFaceBg01.png	Assets/Product/Texture/Image/UiGuild/UiGuildFaceBg01.png		
2	Support Force	Use the emblem of [Support Force] as the portrait of the United Command Bureau	Assets/Product/Texture/Image/UiGuild/UiGuildFace2.png	1	Assets/Product/Texture/Image/UiGuild/UiGuildFaceBg01.png	Assets/Product/Texture/Image/UiGuild/UiGuildFaceBg01.png	Assets/Product/Texture/Image/UiGuild/UiGuildFaceBg01.png	Assets/Product/Texture/Image/UiGuild/UiGuildFaceBg01.png	Assets/Product/Texture/Image/UiGuild/UiGuildFaceBg01.png	Assets/Product/Texture/Image/UiGuild/UiGuildFaceBg01.png	Assets/Product/Texture/Image/UiGuild/UiGuildFaceBg01.png		
3	Purifying Force	Use the emblem of [Purifying Force] as the portrait of the United Command Bureau	Assets/Product/Texture/Image/UiGuild/UiGuildFace3.png	1	Assets/Product/Texture/Image/UiGuild/UiGuildFaceBg01.png	Assets/Product/Texture/Image/UiGuild/UiGuildFaceBg01.png	Assets/Product/Texture/Image/UiGuild/UiGuildFaceBg01.png	Assets/Product/Texture/Image/UiGuild/UiGuildFaceBg01.png	Assets/Product/Texture/Image/UiGuild/UiGuildFaceBg01.png	Assets/Product/Texture/Image/UiGuild/UiGuildFaceBg01.png	Assets/Product/Texture/Image/UiGuild/UiGuildFaceBg01.png		
4	Task Force	Use the emblem of [Task Force] as the portrait of the United Command Bureau	Assets/Product/Texture/Image/UiGuild/UiGuildFace4.png	1	Assets/Product/Texture/Image/UiGuild/UiGuildFaceBg01.png	Assets/Product/Texture/Image/UiGuild/UiGuildFaceBg01.png	Assets/Product/Texture/Image/UiGuild/UiGuildFaceBg01.png	Assets/Product/Texture/Image/UiGuild/UiGuildFaceBg01.png	Assets/Product/Texture/Image/UiGuild/UiGuildFaceBg01.png	Assets/Product/Texture/Image/UiGuild/UiGuildFaceBg01.png	Assets/Product/Texture/Image/UiGuild/UiGuildFaceBg01.png		
5	Engineering Force	Use the emblem of [Engineering Force] as the portrait of the United Command Bureau.	Assets/Product/Texture/Image/UiGuild/UiGuildFace5.png	1	Assets/Product/Texture/Image/UiGuild/UiGuildFaceBg01.png	Assets/Product/Texture/Image/UiGuild/UiGuildFaceBg01.png	Assets/Product/Texture/Image/UiGuild/UiGuildFaceBg01.png	Assets/Product/Texture/Image/UiGuild/UiGuildFaceBg01.png	Assets/Product/Texture/Image/UiGuild/UiGuildFaceBg01.png	Assets/Product/Texture/Image/UiGuild/UiGuildFaceBg01.png	Assets/Product/Texture/Image/UiGuild/UiGuildFaceBg01.png		
6	WGAA	Use the emblem of [WGAA] as the portrait of the United Command Bureau	Assets/Product/Texture/Image/UiGuild/UiGuildFace6.png	1	Assets/Product/Texture/Image/UiGuild/UiGuildFaceBg01.png	Assets/Product/Texture/Image/UiGuild/UiGuildFaceBg01.png	Assets/Product/Texture/Image/UiGuild/UiGuildFaceBg01.png	Assets/Product/Texture/Image/UiGuild/UiGuildFaceBg01.png	Assets/Product/Texture/Image/UiGuild/UiGuildFaceBg01.png	Assets/Product/Texture/Image/UiGuild/UiGuildFaceBg01.png	Assets/Product/Texture/Image/UiGuild/UiGuildFaceBg01.png		
7	Gray Raven	Use the emblem of [Gray Raven] as the portrait of the United Command Bureau	Assets/Product/Texture/Image/UiGuild/UiGuildFace17.png	1	Assets/Product/Texture/Image/UiGuild/UiGuildFaceBg01.png	Assets/Product/Texture/Image/UiGuild/UiGuildFaceBg01.png	Assets/Product/Texture/Image/UiGuild/UiGuildFaceBg01.png	Assets/Product/Texture/Image/UiGuild/UiGuildFaceBg01.png	Assets/Product/Texture/Image/UiGuild/UiGuildFaceBg01.png	Assets/Product/Texture/Image/UiGuild/UiGuildFaceBg01.png	Assets/Product/Texture/Image/UiGuild/UiGuildFaceBg01.png		
8	Strike Hawk	Use the emblem of [Strike Hawk] as the portrait of the United Command Bureau	Assets/Product/Texture/Image/UiGuild/UiGuildFace13.png	1	Assets/Product/Texture/Image/UiGuild/UiGuildFaceBg01.png	Assets/Product/Texture/Image/UiGuild/UiGuildFaceBg01.png	Assets/Product/Texture/Image/UiGuild/UiGuildFaceBg01.png	Assets/Product/Texture/Image/UiGuild/UiGuildFaceBg01.png	Assets/Product/Texture/Image/UiGuild/UiGuildFaceBg01.png	Assets/Product/Texture/Image/UiGuild/UiGuildFaceBg01.png	Assets/Product/Texture/Image/UiGuild/UiGuildFaceBg01.png	890017	
9	Cerberus	Use the emblem of [Cerberus] as the portrait of the United Command Bureau	Assets/Product/Texture/Image/UiGuild/UiGuildFace14.png	1	Assets/Product/Texture/Image/UiGuild/UiGuildFaceBg01.png	Assets/Product/Texture/Image/UiGuild/UiGuildFaceBg01.png	Assets/Product/Texture/Image/UiGuild/UiGuildFaceBg01.png	Assets/Product/Texture/Image/UiGuild/UiGuildFaceBg01.png	Assets/Product/Texture/Image/UiGuild/UiGuildFaceBg01.png	Assets/Product/Texture/Image/UiGuild/UiGuildFaceBg01.png	Assets/Product/Texture/Image/UiGuild/UiGuildFaceBg01.png	890017	
10	Dark Aries	Use the emblem of [Dark Aries] as the portrait of the United Command Bureau	Assets/Product/Texture/Image/UiGuild/UiGuildFace11.png	1	Assets/Product/Texture/Image/UiGuild/UiGuildFaceBg01.png	Assets/Product/Texture/Image/UiGuild/UiGuildFaceBg01.png	Assets/Product/Texture/Image/UiGuild/UiGuildFaceBg01.png	Assets/Product/Texture/Image/UiGuild/UiGuildFaceBg01.png	Assets/Product/Texture/Image/UiGuild/UiGuildFaceBg01.png	Assets/Product/Texture/Image/UiGuild/UiGuildFaceBg01.png	Assets/Product/Texture/Image/UiGuild/UiGuildFaceBg01.png	890018	
11	Egret	Use the emblem of [Egret] as the portrait of the United Command Bureau	Assets/Product/Texture/Image/UiGuild/UiGuildFace16.png	1	Assets/Product/Texture/Image/UiGuild/UiGuildFaceBg01.png	Assets/Product/Texture/Image/UiGuild/UiGuildFaceBg01.png	Assets/Product/Texture/Image/UiGuild/UiGuildFaceBg01.png	Assets/Product/Texture/Image/UiGuild/UiGuildFaceBg01.png	Assets/Product/Texture/Image/UiGuild/UiGuildFaceBg01.png	Assets/Product/Texture/Image/UiGuild/UiGuildFaceBg01.png	Assets/Product/Texture/Image/UiGuild/UiGuildFaceBg01.png	890018	
12	Akdilek Commercial Alliance	Use the emblem of [Akdilek Commercial Alliance] as the portrait of the United Command Bureau	Assets/Product/Texture/Image/UiGuild/UiGuildFace7.png	1	Assets/Product/Texture/Image/UiGuild/UiGuildFaceBg01.png	Assets/Product/Texture/Image/UiGuild/UiGuildFaceBg01.png	Assets/Product/Texture/Image/UiGuild/UiGuildFaceBg01.png	Assets/Product/Texture/Image/UiGuild/UiGuildFaceBg01.png	Assets/Product/Texture/Image/UiGuild/UiGuildFaceBg01.png	Assets/Product/Texture/Image/UiGuild/UiGuildFaceBg01.png	Assets/Product/Texture/Image/UiGuild/UiGuildFaceBg01.png	890019	
13	Arctic Route Union	Use the emblem of [Arctic Route Union] as the portrait of the United Command Bureau	Assets/Product/Texture/Image/UiGuild/UiGuildFace15.png	1	Assets/Product/Texture/Image/UiGuild/UiGuildFaceBg01.png	Assets/Product/Texture/Image/UiGuild/UiGuildFaceBg01.png	Assets/Product/Texture/Image/UiGuild/UiGuildFaceBg01.png	Assets/Product/Texture/Image/UiGuild/UiGuildFaceBg01.png	Assets/Product/Texture/Image/UiGuild/UiGuildFaceBg01.png	Assets/Product/Texture/Image/UiGuild/UiGuildFaceBg01.png	Assets/Product/Texture/Image/UiGuild/UiGuildFaceBg01.png	890019	
14	Ascendant	Use the emblem of [Ascendant] as the portrait of the United Command Bureau	Assets/Product/Texture/Image/UiGuild/UiGuildFace8.png	1	Assets/Product/Texture/Image/UiGuild/UiGuildFaceBg01.png	Assets/Product/Texture/Image/UiGuild/UiGuildFaceBg01.png	Assets/Product/Texture/Image/UiGuild/UiGuildFaceBg01.png	Assets/Product/Texture/Image/UiGuild/UiGuildFaceBg01.png	Assets/Product/Texture/Image/UiGuild/UiGuildFaceBg01.png	Assets/Product/Texture/Image/UiGuild/UiGuildFaceBg01.png	Assets/Product/Texture/Image/UiGuild/UiGuildFaceBg01.png	890020	
15	Kowloong Chamber of Commerce	Use the emblem of [Kowloong Chamber of Commerce] as the portrait of the United Command Bureau	Assets/Product/Texture/Image/UiGuild/UiGuildFace9.png	1	Assets/Product/Texture/Image/UiGuild/UiGuildFaceBg01.png	Assets/Product/Texture/Image/UiGuild/UiGuildFaceBg01.png	Assets/Product/Texture/Image/UiGuild/UiGuildFaceBg01.png	Assets/Product/Texture/Image/UiGuild/UiGuildFaceBg01.png	Assets/Product/Texture/Image/UiGuild/UiGuildFaceBg01.png	Assets/Product/Texture/Image/UiGuild/UiGuildFaceBg01.png	Assets/Product/Texture/Image/UiGuild/UiGuildFaceBg01.png	890020	
16	Babylonian Military	Use the emblem of [Babylonian Military] as the portrait of the United Command Bureau	Assets/Product/Texture/Image/UiGuild/UiGuildFace18.png	1	Assets/Product/Texture/Image/UiGuild/UiGuildFaceBg01.png	Assets/Product/Texture/Image/UiGuild/UiGuildFaceBg01.png	Assets/Product/Texture/Image/UiGuild/UiGuildFaceBg01.png	Assets/Product/Texture/Image/UiGuild/UiGuildFaceBg01.png	Assets/Product/Texture/Image/UiGuild/UiGuildFaceBg01.png	Assets/Product/Texture/Image/UiGuild/UiGuildFaceBg01.png	Assets/Product/Texture/Image/UiGuild/UiGuildFaceBg01.png	890004	6000
17	Iris Warbler	Use the emblem of [Iris Warbler] as the portrait of the United Command Bureau	Assets/Product/Texture/Image/UiGuild/UiGuildFace19.png	1	Assets/Product/Texture/Image/UiGuild/UiGuildFaceBg01.png	Assets/Product/Texture/Image/UiGuild/UiGuildFaceBg01.png	Assets/Product/Texture/Image/UiGuild/UiGuildFaceBg01.png	Assets/Product/Texture/Image/UiGuild/UiGuildFaceBg01.png	Assets/Product/Texture/Image/UiGuild/UiGuildFaceBg01.png	Assets/Product/Texture/Image/UiGuild/UiGuildFaceBg01.png	Assets/Product/Texture/Image/UiGuild/UiGuildFaceBg01.png	890020	
18	Forsaken	Use the emblem of [Forsaken] as the portrait of the United Command Bureau	Assets/Product/Texture/Image/UiGuild/UiGuildFace20.png	1	Assets/Product/Texture/Image/UiGuild/UiGuildFaceBg01.png	Assets/Product/Texture/Image/UiGuild/UiGuildFaceBg01.png	Assets/Product/Texture/Image/UiGuild/UiGuildFaceBg01.png	Assets/Product/Texture/Image/UiGuild/UiGuildFaceBg01.png	Assets/Product/Texture/Image/UiGuild/UiGuildFaceBg01.png	Assets/Product/Texture/Image/UiGuild/UiGuildFaceBg01.png	Assets/Product/Texture/Image/UiGuild/UiGuildFaceBg01.png	890020	
19	Church of Machina	Use the emblem of [Church of Machina] as the portrait of the United Command Bureau	Assets/Product/Texture/Image/UiGuild/UiGuildFace21.png	1	Assets/Product/Texture/Image/UiGuild/UiGuildFaceBg01.png	Assets/Product/Texture/Image/UiGuild/UiGuildFaceBg01.png	Assets/Product/Texture/Image/UiGuild/UiGuildFaceBg01.png	Assets/Product/Texture/Image/UiGuild/UiGuildFaceBg01.png	Assets/Product/Texture/Image/UiGuild/UiGuildFaceBg01.png	Assets/Product/Texture/Image/UiGuild/UiGuildFaceBg01.png	Assets/Product/Texture/Image/UiGuild/UiGuildFaceBg01.png	890005	6000
20	Shark-speare - Gold-Plated	A gilded portrait custom-made by the WGAA. "Lord Shark-speare is so cool! Yet another day in awe of the power of Shark-speare!" — A heartfelt endorsement from a certain Construct.	Assets/Product/Texture/Image/UiGuild/UiGuildFace22.png	1	Assets/Product/Texture/Image/UiGuild/UiGuildFaceBg00.png	Assets/Product/Texture/Image/UiGuild/UiGuildFaceBg00.png	Assets/Product/Texture/Image/UiGuild/UiGuildFaceBg00.png	Assets/Product/Texture/Image/UiGuild/UiGuildFaceBg00.png	Assets/Product/Texture/Image/UiGuild/UiGuildFaceBg00.png	Assets/Product/Texture/Image/UiGuild/UiGuildFaceBg00.png	Assets/Product/Texture/Image/UiGuild/UiGuildFaceBg00.png	890006	9000
21	Shark-speare - Water Color	A daily portrait custom-made by the WGAA. "Shark-speare is so cute! I want to touch its head so badly!" — A heartfelt endorsement from a certain member of the WGAA.	Assets/Product/Texture/Image/UiGuild/UiGuildFace23.png	1	Assets/Product/Texture/Image/UiGuild/UiGuildFaceBg00.png	Assets/Product/Texture/Image/UiGuild/UiGuildFaceBg00.png	Assets/Product/Texture/Image/UiGuild/UiGuildFaceBg00.png	Assets/Product/Texture/Image/UiGuild/UiGuildFaceBg00.png	Assets/Product/Texture/Image/UiGuild/UiGuildFaceBg00.png	Assets/Product/Texture/Image/UiGuild/UiGuildFaceBg00.png	Assets/Product/Texture/Image/UiGuild/UiGuildFaceBg00.png	890007	9000
22	Constellia Windmill	Constellia's most iconic building—climb to the top for a breathtaking view of the entire city.	Assets/Product/Texture/Image/UiGuild/UiGuildFace24.png	1	Assets/Product/Texture/Image/UiGuild/UiGuildFaceBg00.png	Assets/Product/Texture/Image/UiGuild/UiGuildFaceBg00.png	Assets/Product/Texture/Image/UiGuild/UiGuildFaceBg00.png	Assets/Product/Texture/Image/UiGuild/UiGuildFaceBg00.png	Assets/Product/Texture/Image/UiGuild/UiGuildFaceBg00.png	Assets/Product/Texture/Image/UiGuild/UiGuildFaceBg00.png	Assets/Product/Texture/Image/UiGuild/UiGuildFaceBg00.png	890008	9000
23	Summer Blossom	Purchase the [Summer Blossom] Command Center scene to obtain an exclusive Command Center portrait.	Assets/Product/Texture/Image/UiGuild/UiGuildFace25.png	1	Assets/Product/Texture/Image/UiGuild/UiGuildFaceBg00.png	Assets/Product/Texture/Image/UiGuild/UiGuildFaceBg00.png	Assets/Product/Texture/Image/UiGuild/UiGuildFaceBg00.png	Assets/Product/Texture/Image/UiGuild/UiGuildFaceBg00.png	Assets/Product/Texture/Image/UiGuild/UiGuildFaceBg00.png	Assets/Product/Texture/Image/UiGuild/UiGuildFaceBg00.png	Assets/Product/Texture/Image/UiGuild/UiGuildFaceBg00.png	890022	
24	Whalesong Isle	Purchase the [Whalesong Isle] Command Center scene to obtain an exclusive Command Center portrait.	Assets/Product/Texture/Image/UiGuild/UiGuildFace26.png	1	Assets/Product/Texture/Image/UiGuild/UiGuildFaceBg00.png	Assets/Product/Texture/Image/UiGuild/UiGuildFaceBg00.png	Assets/Product/Texture/Image/UiGuild/UiGuildFaceBg00.png	Assets/Product/Texture/Image/UiGuild/UiGuildFaceBg00.png	Assets/Product/Texture/Image/UiGuild/UiGuildFaceBg00.png	Assets/Product/Texture/Image/UiGuild/UiGuildFaceBg00.png	Assets/Product/Texture/Image/UiGuild/UiGuildFaceBg00.png	890023	
